airbnb_property_id,rating,bathrooms,title,occ,bedrooms,accommodates,adr,revenue,reviews,homeaway_property_id,longitude,latitude,m_homeaway_property_id,property_type,id,room_type,platforms__airbnb_property_id,platforms__homeaway_property_id,listings_returned,area_info__geom__|,area_info__geom__|__country,area_info__geom__|__state,area_info__geom__|__city
17736261,9.2,1,"Self Entrance 2 BR, White Rock Beach/US Border NEW",0.771429,2,6,97.2863,18387.1,102,null,-122.74459,49.00528,1175014vb,House,6408164,Entire home/apt,17736261,1175014vb,,,,,
19552736,9.5,1.5,Comfort of Home,0.578652,2,5,148.024,15246.4,22,null,-122.80976,49.13904,null,Guest suite,6646542,Entire home/apt,19552736,null,,,,,
30915066,9.6,1,Brand New Studio with Magnificent Mountains View,0.609756,0,2,46.9888,2349.44,11,null,-122.73117,49.18438,null,Guest suite,11809676,Entire home/apt,30915066,null,,,,,
26851999,10,1,"Beautiful, Clean, Private Suite near Vancouver",0.9375,1,4,196.528,2947.92,4,null,-122.71694,49.12951,null,Guest suite,10497752,Entire home/apt,26851999,null,,,,,
14087222,9.5,2.5,"Clean, quiet, spacious home close to US border",0.619433,3,6,299.84,45875.4,42,null,-122.74358,49.00638,null,House,3918014,Entire home/apt,14087222,null,,,,,
13158392,9.5,1,"2 BR suite, independent & private",0.655949,2,4,106.771,21781.2,75,null,-122.69784,49.12981,4978731,Guest suite,3695506,Entire home/apt,13158392,4978731,,,,,
13546303,9.1,1,Beautiful Private Enrty Ground Level Suite,0.533808,1,4,84.6949,12704.2,23,null,-122.72396,49.11954,4710388,House,7025982,Entire home/apt,13546303,4710388,,,,,
29677356,8.9,2.5,Surrey Center Cozy Townhome,0.632653,2,6,137.59,12795.9,11,null,-122.85645,49.18805,null,Apartment,11444978,Entire home/apt,29677356,null,,,,,
29156928,10,2,2 br/ba Condo in the heart of beautiful Ocean Park,0.390411,2,4,153.38,8742.67,1,null,-122.8638,49.03204,null,Condominium,11235241,Entire home/apt,29156928,null,,,,,
26965435,9.9,1,Romantic and Welcoming Spa-Inspired Guest Suite with Sunroom,0.89272,1,2,110.455,25736,38,null,-122.80191,49.12356,null,Guest suite,10528302,Entire home/apt,26965435,null,,,,,
19907623,8.8,1,Quaint 1 bedroom basement. Read description!,0.814035,1,3,67.7102,15708.8,27,null,-122.8676,49.19473,null,House,6783935,Entire home/apt,19907623,null,,,,,
24717978,9.9,2,"Fully Furnished, Brand New Townhouse #205",0.567251,4,8,287.165,27855,17,null,-122.86652,49.16389,null,Townhouse,9610521,Entire home/apt,24717978,null,,,,,
24993390,null,1,Huge 2 bedroom apartment in the heart of Surrey,1,2,6,304.632,1218.53,1,null,-122.88751,49.17089,null,Apartment,9468766,Entire home/apt,24993390,null,,,,,
29013852,10,1,Beautiful brand-new White Rock accommodation,0.5,1,4,69.3863,1457.11,4,null,-122.85863,49.0354,null,Guest suite,11188420,Entire home/apt,29013852,null,,,,,
26110717,7.3,2.5,"Central Surrey Townhouse 4beds/2.5bath,sleep8",0.402439,2,6,248.223,16382.7,8,null,-122.85617,49.18849,null,Loft,9906991,Entire home/apt,26110717,null,,,,,
21451107,8,2,_____,0.729167,3,4,202.96,14207.2,1,null,-122.83951,49.04667,null,House,7621051,Entire home/apt,21451107,null,,,,,
16260011,10,1,Central City Living,0.641791,1,4,77.0201,3311.86,6,null,-122.84772,49.19851,null,Condominium,4831730,Entire home/apt,16260011,null,,,,,
13735104,9.1,1,Spacious 2 Bedroom in-law suite,0.966667,2,4,72.7882,2110.86,31,null,-122.85051,49.21003,null,Guest suite,3918529,Entire home/apt,13735104,null,,,,,
16532668,9,1,2ndary suite 4 rent. Cozy 2 bdrm. 31 days min stay,0.348837,2,4,259.971,3899.56,3,null,-122.77394,49.17189,null,Place,5104216,Entire home/apt,16532668,null,,,,,
25407373,9.3,2,2 bedrooms apartment suite Monthly saving,0.592593,2,4,158.234,10127,18,null,-122.80671,49.05731,null,Apartment,10028475,Entire home/apt,25407373,null,,,,,
29958054,9.3,1,"Private, clean & affordable suite in Guildford",0.843537,2,4,60.1133,7454.05,24,null,-122.8082,49.18077,null,Guest suite,11536579,Entire home/apt,29958054,null,,,,,
27702860,8.5,1,The Cozy Place,0.82716,1,2,54.3397,3640.76,13,null,-122.82797,49.18864,null,Guest suite,10643498,Entire home/apt,27702860,null,,,,,
20176431,10,3.5,Crescent Beach Oasis,0.574924,4,6,102.321,19236.3,8,null,-122.7941,49.06638,null,House,7059390,Entire home/apt,20176431,null,,,,,
29439499,10,2,Bright & Spacious Conveniently Located House,0.240741,3,8,177.097,4604.53,5,null,-122.80075,49.20133,null,House,11323404,Entire home/apt,29439499,null,,,,,
101811124,10,1,"Luxury vacation just minutes from Vancouver, White Rock, lakes and mountains. ",0.368794,2,6,262.328,27282.1,13,4630436,-122.7764606,49.2042982,null,House,101811124,Entire home/apt,null,4630436,,,,,
30535232,10,2,____,0.620438,2,4,177.007,15045.6,1,null,-122.80178,49.06353,null,Apartment,11792984,Entire home/apt,30535232,null,,,,,
100594286,8,1,2 Bedroom Furnished Suite in House,0.490099,2,5,105.574,10451.8,5,682666vb,-122.8400491,49.1700904,null,Apartment,100594286,Entire home/apt,null,682666vb,,,,,
11869251,9.3,1,Twin Cedar Cottage by the Beach closed,0.618785,1,2,87.82,9835.84,52,null,-122.88341,49.05258,null,Cabin,2760504,Entire home/apt,11869251,null,,,,,
26258354,10,2,Bright Spacious Home ~ Walk to Sushi/Cafes/Pub,0.820611,3,6,132.868,28566.7,56,null,-122.7024,49.12889,null,Townhouse,10409006,Entire home/apt,26258354,null,,,,,
29857506,8,1,"2 bedroom suite - private entry, private bath",0.271186,2,6,139.426,2230.82,1,null,-122.71618,49.1122,null,Guest suite,11480861,Entire home/apt,29857506,null,,,,,
19907396,9.8,1,"Cozy, Clean and New",0.982759,2,4,138.364,7886.74,8,null,-122.77797,49.1935,null,Guest suite,6800751,Entire home/apt,19907396,null,,,,,
22269831,8.7,2,"View, clean entire 2br apartment by skytrain",0.887789,2,6,117.556,31622.4,47,null,-122.85087,49.19796,null,Condominium,8048792,Entire home/apt,22269831,null,,,,,
632797,9.9,1,Bright and Modern Condo with a View,0.899614,1,4,89.5882,20874,138,null,-122.85117,49.19954,null,Apartment,1134269,Entire home/apt,632797,null,,,,,
14424103,9.8,1,Great 1 bedroom full private suite.,0.873913,1,4,55.4998,11155.5,40,null,-122.7974,49.15091,null,House,3917984,Entire home/apt,14424103,null,,,,,
31001126,10,2,New Private 2 bedroom 2 bathroom condo Surrey.,0.272727,2,2,93.9058,281.717,1,null,-122.7809,49.16068,null,Condominium,11927753,Entire home/apt,31001126,null,,,,,
100372859,0,1,Modern and  Spacious  Bsmt Suite near Semiyamoo trails,1,1,3,70.4055,13940.3,0,4300457,-122.8148619,49.0607513,null,House,100372859,Entire home/apt,null,4300457,,,,,
27602370,10,1,Homey Legal  Suite in South Surrey,0.882353,1,2,76.2479,2287.44,2,null,-122.78267,49.05329,null,House,10624895,Entire home/apt,27602370,null,,,,,
32408051,null,2,Fraser height Cozy Stay Double Suite,1,4,7,161.27,2257.78,0,null,-122.78248,49.2001,null,Guest suite,12582537,Entire home/apt,32408051,null,,,,,
14131871,9.7,2,"4 BedRooms; 2 ParKing, Clean, Spacious, Quiet",0.739623,4,11,249.374,48877.3,72,null,-122.82558,49.1973,4273394,Guest suite,3575362,Entire home/apt,14131871,4273394,,,,,
32646778,8,1,Spacious and cozy 2-bed suite with a huge garden,0.926829,2,5,71.0146,2698.56,2,null,-122.85695,49.10178,null,Apartment,12591410,Entire home/apt,32646778,null,,,,,
28613224,9.7,1,Cozy 1 bedroom fully renovated private suite,0.552632,1,2,59.9829,2519.28,13,null,-122.82264,49.155,null,Guest suite,11015887,Entire home/apt,28613224,null,,,,,
17753653,10,1,3 People Room: Large Private-bath & Walkin-Closet,0.324786,1,3,125.251,4759.54,7,null,-122.78893,49.03324,null,Apartment,6069883,Entire home/apt,17753653,null,,,,,
19846403,9.8,2,Luxurious 2 Bedroom 2 Bathroom Private Suite,0.760606,2,6,170.188,42717.2,131,null,-122.86034,49.10544,null,Guest suite,6753881,Entire home/apt,19846403,null,,,,,
17499692,10,1,Bright Spacious Suite in Quiet Family Neighborhood,0.912727,2,6,89.3178,22418.8,57,null,-122.75614,49.15447,null,Guest suite,5297182,Entire home/apt,17499692,null,,,,,
17314314,10,1,Bright Queen Bed Garden Suite in a family home.,0.62963,1,2,89.7299,4576.22,14,null,-122.78444,49.05308,null,Guest suite,5381486,Entire home/apt,17314314,null,,,,,
13885206,9,1,1 BEDROOM BACHELOR SUITE,0.822134,1,2,67.9992,14143.8,67,null,-122.806,49.204,null,Guest suite,3918571,Entire home/apt,13885206,null,,,,,
1200751,9.7,1,"Above The Beach, Coach House",0.539855,1,2,122.815,18299.5,124,null,-122.87689,49.04555,null,Apartment,1135117,Entire home/apt,1200751,null,,,,,
26688435,10,2.5,The Perfect Home For Your Stay!,0.337838,3,10,196.96,4923.99,5,null,-122.82852,49.11188,null,House,10898158,Entire home/apt,26688435,null,,,,,
102529420,0,1,Tree Top Luxury Guest Studio,0.75,1,2,197.696,593.089,0,1405022vb,-122.7671887,49.10698796,null,Studio,102529420,Entire home/apt,null,1405022vb,,,,,
32577945,9,1,Nice and Clean place for budget travellers,0.65,1,2,52.984,1377.58,6,null,-122.75804,49.15839,null,Guest suite,12676489,Entire home/apt,32577945,null,,,,,
19752087,10,1,Beautiful lane way house in Crescent Beach/Heights,0.729084,1,2,142.895,26149.8,63,null,-122.87236,49.05155,null,Guesthouse,6793871,Entire home/apt,19752087,null,,,,,
25977629,8,2,Amazing comfort-close to beach-special $4600 mnth,0.392857,3,6,221.367,4870.07,3,null,-122.7969,49.03835,null,Cottage,9955613,Entire home/apt,25977629,null,,,,,
23169831,null,1,Camping Like a Movie Star - Airstream Trailer!,0.419355,0,4,204.056,2652.73,0,null,-122.69566,49.12415,null,Camper/RV,8553765,Entire home/apt,23169831,null,,,,,
26532607,9.5,1,Nestled Between 2 Beaches - White Rock Or Crescent,0.4,1,3,136.045,1904.62,4,null,-122.79409,49.05025,null,Guesthouse,10145037,Entire home/apt,26532607,null,,,,,
30466475,10,2,4 BR 2 BATH HOME NEAR HWY 1 AND PUBLIC TRANSIT,0.669291,4,16,162.878,13844.6,6,null,-122.81382,49.20277,null,House,11777430,Entire home/apt,30466475,null,,,,,
25511787,10,4.5,"$9 mill mansion w/pool, tennis,hockey in 2 acr lot",0.322034,4,10,1232.72,23421.6,5,null,-122.84302,49.05607,null,House,9660904,Entire home/apt,25511787,null,,,,,
16013524,9.6,1,Comfort and convenience in South Surrey,0.6,1,1,87.3908,524.345,19,null,-122.8188,49.06416,null,Guest suite,4711930,Entire home/apt,16013524,null,,,,,
33581655,10,1,One bedroom suite,0.909091,1,2,60.6568,1213.14,2,null,-122.83285,49.15237,null,Guest suite,12886731,Entire home/apt,33581655,null,,,,,
100772533,10,1,Modern and Spacious Suite near Semiyamoo trails ,1,1,5,74.9869,9148.4,2,922696vb,-122.8153824,49.0579595,null,Apartment,100772533,Entire home/apt,null,922696vb,,,,,
102966063,0,1,White Rock Premium King Suite in B&B,0.262295,1,2,232.012,3712.2,0,1588568vb,-122.8447441,49.03470728,null,Bed And Breakfast,102966063,Entire home/apt,null,1588568vb,,,,,
22958589,9.8,1,Casa Cortes,0.888889,2,5,106.348,14463.3,18,null,-122.7095,49.12063,null,Guest suite,8439413,Entire home/apt,22958589,null,,,,,
12254677,10,1,"Cosy 1 bdrm suite, family friendly!",0.920455,1,2,80.2684,13003.5,19,null,-122.8173,49.06459,null,Guest suite,3787961,Entire home/apt,12254677,null,,,,,
24719933,9.1,2,Furnished 2Bd/2Ba Condo-Gateway skytrain,0.877049,2,4,128.878,27580,16,null,-122.85377,49.19953,null,Condominium,9321620,Entire home/apt,24719933,null,,,,,
28601558,10,1,Cozy 1 bedroom private guest suite,0.779661,1,2,50.606,2327.88,11,null,-122.82267,49.15398,null,Guest suite,11015917,Entire home/apt,28601558,null,,,,,
31267537,9.9,2,Metro Vancouver:High-Rise Airbnb Experience,0.851485,2,4,119.386,10267.2,21,null,-122.85296,49.19199,null,Condominium,12057521,Entire home/apt,31267537,null,,,,,
12380898,9.9,1,"1 bedroom suite - private entry, private bath",0.263158,1,4,84.9196,1698.39,16,null,-122.71678,49.11274,null,Guest suite,3193508,Entire home/apt,12380898,null,,,,,
13054679,9.7,1,Clean Modern Private Suite,0.375566,2,4,159.543,13242.1,46,null,-122.81794,49.06416,7528505,Guest suite,2761008,Entire home/apt,13054679,7528505,,,,,
21141656,9.8,1,modern living with comfy king size bed,0.746412,1,4,134.18,20932,45,null,-122.68671,49.12082,null,Condominium,7420273,Entire home/apt,21141656,null,,,,,
25028899,10,1,Go Kayaking near a Chic and Tranquil Guest Suite,0.669725,1,2,158.945,34808.9,97,null,-122.88389,49.05456,null,Guest suite,9478396,Entire home/apt,25028899,null,,,,,
21015112,9.5,2,Clean accommodation,0.555556,2,5,114.547,5727.35,4,null,-122.84003,49.19661,null,Apartment,7412916,Entire home/apt,21015112,null,,,,,
9461637,9.2,1.5,New Private & Spacious 2 Bedroom Suite,0.542373,2,4,96.7877,12388.8,59,null,-122.83315,49.15191,null,Guest suite,1568231,Entire home/apt,9461637,null,,,,,
27732817,9.5,3,South Surrey Elegant House On Acre,0.514852,3,8,215.824,11222.9,4,null,-122.74735,49.05086,null,Villa,10685253,Entire home/apt,27732817,null,,,,,
33621643,10,1,Forty Winks and Nights,0.647059,2,4,62.6175,688.792,2,null,-122.75472,49.10712,null,Guest suite,12991588,Entire home/apt,33621643,null,,,,,
103059535,0,1,Beautiful one bedroom with ensuite in south surrey,0.785714,1,2,52.508,1155.18,0,7558905,-122.7476708,49.05984672,null,House,103059535,Entire home/apt,null,7558905,,,,,
27558458,8.8,2,Fully furnished 2 bed and 2 bath . Easily fit 6.,0.482143,2,6,104.473,8462.3,12,null,-122.80564,49.06674,null,Guest suite,10624869,Entire home/apt,27558458,null,,,,,
31799525,null,1,Boutique Carriage House Studio in Morgan Creek,0.1,0,2,158.157,474.471,0,null,-122.78203,49.06769,null,Guesthouse,12293377,Entire home/apt,31799525,null,,,,,
3228019,9.5,1,2 Bedroom-Fully Furnished Basement ,0.542751,2,6,84.7257,12370,28,null,-122.83261,49.16162,575644vb,House,1134553,Entire home/apt,3228019,575644vb,,,,,
28470182,7.2,2,Family Vacation Single House in WR/South Surrey,0.725664,3,6,149.817,12285,5,null,-122.8565,49.03161,null,House,11879481,Entire home/apt,28470182,null,,,,,
31295290,10,1,____,0.857143,1,2,50.5606,5157.18,4,null,-122.83035,49.15585,null,House,12091464,Entire home/apt,31295290,null,,,,,
20507232,9.8,1,An Experience living In The Sky,0.9163,1,3,141.902,29515.6,80,null,-122.88937,49.14764,null,Apartment,7127024,Entire home/apt,20507232,null,,,,,
18876363,9.6,1,Best deal in town!,0.723077,0,2,67.418,12674.6,54,null,-122.80647,49.11181,null,Apartment,6202257,Entire home/apt,18876363,null,,,,,
22574937,9.4,3.5,Beautiful & Spacious Surrey Home,0.559557,4,12,320.921,64826,33,null,-122.80166,49.15119,1250060vb,House,8222944,Entire home/apt,22574937,1250060vb,,,,,
25057645,9,1,"2 bedroom-suite, own entrance, Surrey Guildford",0.925926,2,6,62.7596,1568.99,4,null,-122.80785,49.17801,null,House,9486716,Entire home/apt,25057645,null,,,,,
21029272,9.9,1,Charming 2-Bedroom Suite with own Entrance/Suite-L,0.58209,2,4,71.3366,5564.25,17,null,-122.81218,49.12886,null,House,7504167,Entire home/apt,21029272,null,,,,,
25126237,9.9,1,Relax and Rejuvanate at a Cozy Modern Retreat by the Seaside,0.662116,1,4,158.444,30738.2,86,null,-122.88352,49.05319,null,Guesthouse,9660875,Entire home/apt,25126237,null,,,,,
101899283,8,1,Apartment with balcony with great amenities ,0.516279,1,4,152.996,16982.6,1,1195985vb,-122.6901246,49.12022822,null,Condo,101899283,Entire home/apt,null,1195985vb,,,,,
19050275,9.6,1,Economic travel,1,1,3,56.8658,1819.71,38,null,-122.69611,49.12601,null,House,6313609,Entire home/apt,19050275,null,,,,,
28060509,8,2,Z1 ________,0.864407,4,14,159.492,16268.2,1,null,-122.72913,49.04636,null,House,10790993,Entire home/apt,28060509,null,,,,,
2532327,9.3,1,Cosy Private 2 Bedroom Suite In Nice Neighbourhood,0.77533,2,4,90.587,15943.3,20,null,-122.80319,49.15389,4793151,Guest suite,7143876,Entire home/apt,2532327,4793151,,,,,
28863102,null,1,2 Bedroom Private Guest Suite,1,2,5,105.644,1690.3,0,null,-122.71811,49.10466,null,Guest suite,11114460,Entire home/apt,28863102,null,,,,,
17889305,10,1,Ocean & Mountain View Deluxe Top Floor Suite,0.695652,2,4,247.598,11884.7,7,null,-122.88043,49.04935,1381486vb,Guest suite,8856985,Entire home/apt,17889305,1381486vb,,,,,
18025001,9.9,1,Private Guesthouse on Country Estate,0.808777,1,3,75.97,19600.2,107,null,-122.69658,49.16174,1032521vb,Guest suite,5748113,Entire home/apt,18025001,1032521vb,,,,,
32023898,10,1,Surrey Central Luxury High Rise Condo,1,1,3,104.307,4902.42,3,null,-122.85254,49.19148,7597467,Condominium,12369273,Entire home/apt,32023898,7597467,,,,,
21562357,9.8,1.5,House Ideal for parties,0.312694,3,6,369.226,37291.8,24,null,-122.83781,49.19536,null,House,7706007,Entire home/apt,21562357,null,,,,,
15380459,9.5,1,1 bedroom suite close to golfcourse,0.814516,1,3,73.1953,14785.4,30,null,-122.80076,49.12895,null,House,4695536,Entire home/apt,15380459,null,,,,,
23859341,null,3,sweet home best for 9+ Children friendly,1,4,9,279.022,837.065,1,null,-122.89941,49.18457,null,House,8899981,Entire home/apt,23859341,null,,,,,
28446682,9.5,2,"Modern and Cosy, Home away from Home",0.833333,2,4,93.8294,9382.94,4,null,-122.84687,49.19229,null,Apartment,10953348,Entire home/apt,28446682,null,,,,,
33396967,9.3,2,Cozy 2 Bedroom Condo,0.583333,2,4,159.248,2229.48,3,null,-122.8025,49.062,null,Condominium,12946573,Entire home/apt,33396967,null,,,,,
31076528,8,1,Large Comfortable 3 Bedroom Basement Suite,0.486111,3,13,140.454,4915.9,1,null,-122.72281,49.18243,null,House,11980527,Entire home/apt,31076528,null,,,,,
19988071,9.5,1,"2 Bedroom Suite with Kitchen & Laundry, 2-4 guests",0.72332,2,4,100.373,18368.2,35,null,-122.86389,49.18987,null,Guest suite,7220261,Entire home/apt,19988071,null,,,,,
23045438,0,1,Basement Unit (3 bedrooms),0.683706,3,6,185.643,39727.5,0,null,-122.81642,49.1952,1244705vb,Guest suite,8404644,Entire home/apt,23045438,1244705vb,,,,,
29063877,10,1,A cozy place for your vacation,0.45679,1,3,161.606,11958.8,11,null,-122.84589,49.18886,null,Condominium,11187641,Entire home/apt,29063877,null,,,,,
5787013,9.8,2,Entire BRIGHT & Modern apartment  :),0.864322,2,4,120.459,20719,9,null,-122.80528,49.05537,1435849vb,Apartment,7228879,Entire home/apt,5787013,1435849vb,,,,,
32846217,null,1,Basement available in Surrey BC!!,0.266667,2,4,83.5717,668.573,0,null,-122.87106,49.17511,null,House,12708428,Entire home/apt,32846217,null,,,,,
25496560,8.7,1,1 bdr suite in whiterock with private entrance,0.916335,1,4,68.4748,15749.2,67,null,-122.76908,49.02108,null,House,9626428,Entire home/apt,25496560,null,,,,,
23688691,9.9,1,Home Away From Home En-Suite,0.829493,1,2,75.0797,13514.3,56,null,-122.8411,49.16804,null,Guest suite,8821337,Entire home/apt,23688691,null,,,,,
20415003,10,2,2 bedrooms apartment suite Monthly rent,0.687075,2,4,125.037,12628.8,22,null,-122.80149,49.05548,null,Apartment,7059068,Entire home/apt,20415003,null,,,,,
24801075,9,1,Sunny Spacious Private Suite,0.334586,2,4,205.991,18333.2,12,null,-122.83522,49.03872,null,House,9323050,Entire home/apt,24801075,null,,,,,
23487465,9.8,1,*MAPLE LANE SUITE*Modern & Private 1B,0.736301,1,2,72.7193,15634.6,33,null,-122.80239,49.15587,null,Guest suite,8699105,Entire home/apt,23487465,null,,,,,
22692542,9.3,1,Cozy living 1 bedroom and flex in Langley,0.711538,1,4,121.332,26935.7,25,null,-122.68846,49.12272,null,Condominium,8375161,Entire home/apt,22692542,null,,,,,
25895794,9.3,1,"Cozy, private suite w/ own entrance",0.546099,1,4,74.9502,11542.3,16,null,-122.70222,49.12696,null,House,9819837,Entire home/apt,25895794,null,,,,,
102092053,10,1,2-Bedroom Suite in Acreage Home Close to Highway Room #1 ,0.52439,1,2,54.3038,7005.19,1,1254059vb,-122.7542428,49.19545091,null,House,102092053,Entire home/apt,null,1254059vb,,,,,
14357452,10,1,Beautiful Beachside Suite,0.4125,1,4,190.834,6297.53,5,null,-122.78184,49.01651,null,Apartment,3601164,Entire home/apt,14357452,null,,,,,
8242734,9,2,Private Sub-Penthouse Condo with lots of EXTRAS!!!,0.556098,2,4,100.161,11418.3,7,null,-122.8427394,49.19743051,null,Condominium,6050160,Entire home/apt,8242734,null,,,,,
33592008,null,2.5,Goldstone Gem,0.789474,4,13,300.588,4508.83,0,null,-122.81355,49.10933,null,House,13145136,Entire home/apt,33592008,null,,,,,
28469952,10,1,Country Sanctuary close to the City,0.533333,1,2,116.596,3731.07,3,null,-122.68047,49.14434,null,Guest suite,12715015,Entire home/apt,28469952,null,,,,,
102551783,0,4.5,Warm and Cozy ( 7 bedroom  plus 4.5 bath) Full House ,0.372549,7,16,777.354,44309.2,0,7227134,-122.8838917,49.11306118,null,House,102551783,Entire home/apt,null,7227134,,,,,
33456200,null,2,Guildford Mall Neighborhood,0.833333,2,3,110.53,2763.26,0,null,-122.78523,49.19136,null,Guest suite,12925526,Entire home/apt,33456200,null,,,,,
32478185,10,1,Cozy Clean Cloverdale Suite in Quiet Neighborhood,0.953488,1,6,90.4099,3706.81,9,null,-122.69546,49.12889,null,House,12625319,Entire home/apt,32478185,null,,,,,
17736137,9.3,1,Country Side Paradise,0.721569,2,6,101.08,18598.7,65,null,-122.79483,49.12556,null,Apartment,5709439,Entire home/apt,17736137,null,,,,,
2940578,9.3,1,Modern apartment on a greenbelt-Monthly rental,0.668919,1,4,96.8603,9589.17,95,null,-122.83092,49.10417,null,Guest suite,1134451,Entire home/apt,2940578,null,,,,,
28464644,9.8,1,South Surrey brand new condo unit,0.810345,1,4,88.5236,12481.8,26,null,-122.80293,49.05606,null,Condominium,10960678,Entire home/apt,28464644,null,,,,,
24337801,9.6,1,Cozy Garden Level Suite,0.621891,1,4,104.093,13011.6,29,null,-122.83855,49.05447,null,Guest suite,9142214,Entire home/apt,24337801,null,,,,,
20875832,9.3,2,"Modern Cottage in the woods, White Rock",0.715385,2,5,239.018,22228.7,3,null,-122.74144,49.00924,null,Bungalow,7304149,Entire home/apt,20875832,null,,,,,
29016295,9.2,4,"Large 5BR Home ,30 Min Drive to Vancouver\ndowntown",0.668342,5,15,209.922,27919.7,36,null,-122.77204,49.168,null,House,11184408,Entire home/apt,29016295,null,,,,,
31650106,9.5,1,Dreamer's Home,0.867647,2,6,77.2889,4560.05,4,null,-122.83228,49.21251,7666283,House,12237976,Entire home/apt,31650106,7666283,,,,,
29627299,10,1,Spacious South Surrey Suite,0.754386,2,4,104.371,8975.87,7,null,-122.74934,49.01669,null,Guest suite,11415970,Entire home/apt,29627299,null,,,,,
31603371,null,2.5,Surrey Fraser Heights Family House,0.893617,4,6,336.629,14138.4,0,null,-122.77912,49.20897,null,House,12187671,Entire home/apt,31603371,null,,,,,
23194852,9.6,3,Dream House in Crescent Beach,0.679167,4,9,566.288,92304.9,14,null,-122.87943,49.05417,4917289,House,8537181,Entire home/apt,23194852,4917289,,,,,
28210450,null,1,surrey Fraser hights _____ ____2_1___,0.5625,2,4,47.1775,424.598,0,null,-122.76557,49.20036,null,House,10859061,Entire home/apt,28210450,null,,,,,
27871956,10,2,Quiet 3 bed2 bath in new house w big yard near SFU,0.372093,3,8,179.471,8614.62,13,null,-122.8584,49.18836,null,House,10723250,Entire home/apt,27871956,null,,,,,
13642791,10,2.5,Beautiful residential home,0.953947,3,5,215.613,31263.9,23,null,-122.80298,49.11386,null,House,3083020,Entire home/apt,13642791,null,,,,,
15006650,9.9,2.5,Brand New Bright and Modern Townhouse,0.866667,3,8,99.9542,1299.4,14,null,-122.82523,49.11317,null,Townhouse,4456186,Entire home/apt,15006650,null,,,,,
100764971,8,1.5,On budget 2 bedroom home away from home!,0.553922,2,6,142.737,16129.3,6,909694vb,-122.810524,49.18274711,null,House,100764971,Entire home/apt,null,909694vb,,,,,
101573961,6,1,URBAN  FOREST SUITE ,0.534413,2,5,106.058,13999.6,3,4505782,-122.7731143,49.1455884,null,House,101573961,Entire home/apt,null,4505782,,,,,
20235811,8.9,1,"Guildford 2bed, with a relaxing garden space",0.578723,1,3,78.9827,10741.7,26,null,-122.80222,49.20108,null,House,7053884,Entire home/apt,20235811,null,,,,,
23686868,9.4,1,Chic & Cozy 1 Bedroom Apartment,0.905512,1,4,113.666,26143.1,26,null,-122.80415,49.05491,null,Apartment,8834109,Entire home/apt,23686868,null,,,,,
6435110,9.6,1,Ivy Gate Room rental,0.43871,1,2,89.2607,6069.73,14,null,-122.88426,49.05401,null,Cabin,5703262,Entire home/apt,6435110,null,,,,,
24188929,9,2,"Brand New, Fully Furnished Town House #201",0.560284,4,8,267.061,42195.6,14,null,-122.8678,49.16232,null,Townhouse,9095607,Entire home/apt,24188929,null,,,,,
27130895,10,1,Modern Coach Home By White Rock Beach,0.569966,1,4,91.1749,15226.2,57,null,-122.74365,49.00609,null,Guesthouse,10411452,Entire home/apt,27130895,null,,,,,
22907618,9.8,1,Home Sweet Home,0.666667,1,3,83.6228,13212.4,28,null,-122.70826,49.12626,null,Guest suite,8402122,Entire home/apt,22907618,null,,,,,
32668216,null,1,Fraser Heights 2 bedrooms suite No.1,0.533333,2,4,110.53,1768.48,0,null,-122.78489,49.19954,null,Guest suite,12582427,Entire home/apt,32668216,null,,,,,
102551644,0,2,Brand new 2 bdr 2 bath high rise Surrey centre,0.8,2,5,248.325,10926.3,0,1432779vb,-122.8478931,49.18979159,null,Apartment,102551644,Entire home/apt,null,1432779vb,,,,,
31440629,null,1,NEW LISTING!!! 2 Bedroom in a great neighborhood.,0.0909091,2,6,168.491,168.491,0,null,-122.77736,49.17881,null,Guest suite,12117192,Entire home/apt,31440629,null,,,,,
17792317,10,2.5,Crescent Beach home,0.688312,2,4,208.42,11046.3,3,null,-122.88285,49.05383,null,Chalet,5536681,Entire home/apt,17792317,null,,,,,
12364739,9.9,1,Secluded one bed private suite,0.479554,1,4,115.055,14842.1,34,null,-122.73255,49.18884,851208vb,Guesthouse,2322954,Entire home/apt,12364739,851208vb,,,,,
9094213,9.4,2,Entire house with WiFi and cable,0.574661,3,6,197.976,25142.9,16,null,-122.80379,49.11115,null,House,1604180,Entire home/apt,9094213,null,,,,,
32228274,9.4,1,Amazing View Furnished Apartment,0.979592,1,4,90.5921,4348.42,21,null,-122.851,49.19785,null,Apartment,12326369,Entire home/apt,32228274,null,,,,,
32674574,null,2,#207- New Townhouse with New furniture,0.433333,4,8,275.6,3582.8,0,null,-122.86596,49.16321,null,Townhouse,12605494,Entire home/apt,32674574,null,,,,,
18797385,9.2,1,Charming Guesthouse in Surrey Central,0.770492,2,5,62.4923,2937.14,26,null,-122.86962,49.18332,4528233,Guesthouse,6050162,Entire home/apt,18797385,4528233,,,,,
24374718,9.9,2.5,Bright and Modern 3br. Townhouse Surrey Centre,0.797048,3,8,190.052,41051.2,30,null,-122.85432,49.1916,null,Condominium,9152780,Entire home/apt,24374718,null,,,,,
102887155,0,1,Four Points by Sheraton Surrey,0.5,0,2,223.756,2013.81,0,4892991,-122.7841,49.19177,null,Hotel,102887155,Entire home/apt,null,4892991,,,,,
26555456,10,2.5,Luxury villa with heatable pool,0.756098,4,14,214.88,46628.9,49,null,-122.70996,49.10007,null,House,10326643,Entire home/apt,26555456,null,,,,,
14341542,9.2,1,"BIG KITCHEN, CHIC ISLAND, CLOSE TO SHOPS",0.803828,3,5,146.619,24632.1,43,null,-122.77966,49.03737,967783vb,Apartment,4576795,Entire home/apt,14341542,967783vb,,,,,
25816961,9.3,1,Cozy 2 bedroom basement suite with full kitchen,0.904437,2,8,95.7793,25381.5,89,null,-122.86535,49.20452,null,House,9692478,Entire home/apt,25816961,null,,,,,
32069603,9,1,Surrey Center Sweet Condo,0.526316,1,3,115.383,3461.48,4,null,-122.85452,49.18648,null,Condominium,12367680,Entire home/apt,32069603,null,,,,,
26719187,8.6,1,Spacious Suite in a Quiet Neightborhood,0.756757,1,6,66.193,1853.4,10,null,-122.78072,49.20627,null,Guest suite,10221816,Entire home/apt,26719187,null,,,,,
26479078,9.2,2,A whole house for your privacy in fleetwood Surrey,0.82906,3,6,107.494,20853.8,40,null,-122.76529,49.15097,null,Townhouse,10201234,Entire home/apt,26479078,null,,,,,
26088079,null,1,Deluxe two room suite!,1,1,2,98.7359,2369.66,4,null,-122.89586,49.18531,null,Apartment,9907576,Entire home/apt,26088079,null,,,,,
3544196,0,2.5,Luxurious Private /Secure Custom Built Villa 4 You,0.727273,5,8,234.371,1874.97,0,null,-122.7953,49.05389,969227vb,House,6086815,Entire home/apt,3544196,969227vb,,,,,
11612397,9.4,1,Modern private 1 bedroom suite,0.774892,1,2,95.4093,17078.3,46,null,-122.80873,49.16715,null,Guest suite,5941571,Entire home/apt,11612397,null,,,,,
12683338,10,1,Sunny 2 Bedroom spacious suite.,0.715026,2,4,133.406,18410,4,null,-122.76688,49.17439,null,Apartment,2412445,Entire home/apt,12683338,null,,,,,
19552598,9.9,1,Beautiful Modern Oceanside Large Private Suite,0.916667,1,4,193.391,10636.5,17,null,-122.7694,49.02021,null,Guest suite,6646299,Entire home/apt,19552598,null,,,,,
4352104,9.7,2,Furnished 2 Bdrm Apt - Guildford Mall,0.862069,2,2,77.2633,3863.17,31,null,-122.79594,49.1932,null,Apartment,1134756,Entire home/apt,4352104,null,,,,,
30958235,9,1,"Two Bedroom, One Living Room Suite (New Update)",0.589744,2,6,72.2022,1660.65,2,null,-122.77837,49.18518,null,Guest suite,11927759,Entire home/apt,30958235,null,,,,,
100349348,10,1,Top View-2Bdr-1300sqft Private Suite - Surrey,0.335664,2,6,159.014,15265.3,10,4220748,-122.7819954,49.20716743,null,House,100349348,Entire home/apt,null,4220748,,,,,
21738508,10,7,Mansion on the water with Incredible views,0.299169,5,16,1286.32,138923,25,null,-122.83446,49.06677,1228945vb,House,7810385,Entire home/apt,21738508,1228945vb,,,,,
20152813,9.7,2,All Season Nest - 3 bedroom designer Bungalow,0.75974,4,12,189.367,44311.8,73,null,-122.82565,49.03734,null,House,7543105,Entire home/apt,20152813,null,,,,,
14914142,9.9,1,Comfortable and Cozy 2br. Suite,0.955224,2,6,76.2423,4879.51,18,null,-122.85838,49.1984,null,Guest suite,4311778,Entire home/apt,14914142,null,,,,,
33100364,10,1,Cozy,0.2,1,2,60.6568,667.225,2,null,-122.81016,49.16906,null,House,12665071,Entire home/apt,33100364,null,,,,,
21013515,9.5,2,_____,0.75,3,4,194.141,13395.7,12,null,-122.83941,49.04678,null,House,7509279,Entire home/apt,21013515,null,,,,,
15069731,9.5,1,Spacious 2 large BR Suite @Guildford sprt entry,0.536697,2,5,110.841,12968.4,112,null,-122.8143,49.1955,null,Guest suite,3938092,Entire home/apt,15069731,null,,,,,
32721845,null,1,Home sweet Home,0.0655738,1,3,65.0376,260.15,0,null,-122.87245,49.1839,null,House,12503047,Entire home/apt,32721845,null,,,,,
17642684,9.7,1,Rest in Nest - Family Suite w/ own entrance,0.888136,1,4,67.9521,17803.5,100,null,-122.81724,49.11098,null,Guest suite,5662377,Entire home/apt,17642684,null,,,,,
101775212,0,3.5,Modern Home in Cloverdale,0.485106,5,16,384.621,43846.8,0,4705653,-122.7516965,49.118826,null,House,101775212,Entire home/apt,null,4705653,,,,,
32667664,null,4,Brand New centrally air-conditioned home skytrain,0.583333,4,8,306.596,10730.9,1,null,-122.8548,49.19653,null,House,12580566,Entire home/apt,32667664,null,,,,,
13194133,8.5,1,BASIC SUITE • 2 BR • 1 BATH • HUGE BACKYARD,0.850498,2,10,84.8985,21734,66,null,-122.81541,49.20138,null,Guest suite,2817325,Entire home/apt,13194133,null,,,,,
18227955,9.2,3.5,Beautiful & Spacious Home - The Perfect Solution,0.690196,4,16,362.762,63846.1,36,null,-122.84372,49.11308,1356979vb,House,5920915,Entire home/apt,18227955,1356979vb,,,,,
100758436,0,1.5,Immaculate  travelers Home stay  for 4 plus!,0.546729,2,6,128.353,15017.3,0,899550vb,-122.8099238,49.18172437,null,House,100758436,Entire home/apt,null,899550vb,,,,,
25286328,9.1,1,Times Bay,0.310345,2,3,123.361,3330.73,7,null,-122.77814,49.02104,null,Guest suite,9604066,Entire home/apt,25286328,null,,,,,
15875503,9.7,1,Private and Spacious - 2 Bedroom Suite,0.773771,2,4,88.8663,20972.4,64,null,-122.8459,49.12535,null,Guest suite,4820202,Entire home/apt,15875503,null,,,,,
33981527,null,1,"Eclectic condo, centrally located",0.357143,1,2,90.3113,903.113,0,null,-122.6897,49.11865,null,Condominium,13185549,Entire home/apt,33981527,null,,,,,
5360461,9.5,1,2 BEDROOM SUITE IN HOUSE,0.745902,2,5,90.6964,8253.38,42,null,-122.84293,49.16981,null,Guest suite,1134663,Entire home/apt,5360461,null,,,,,
13261279,9.3,3.5,Modern 2-level Home Cloverdale BC,0.489297,5,16,319.67,51147.2,27,null,-122.72448,49.12046,null,House,7026331,Entire home/apt,13261279,null,,,,,
27768961,9.2,1,Precious Joy  home,0.58547,1,2,69.0789,9463.82,27,null,-122.80668,49.20128,null,Guesthouse,10677419,Entire home/apt,27768961,null,,,,,
13223873,9.9,1,"LARGE Suite + PrivTV Rm, FULL Kitch & Priv Laundry",0.689119,1,2,82.0616,10914.2,73,null,-122.8126,49.0624,null,Guest suite,4627766,Entire home/apt,13223873,null,,,,,
101603801,0,1,Beautiful Private Suite in the Basement of a Delightful Single Family Home,0.493377,1,4,133.617,19908.9,0,4606894,-122.7328073,49.1885577,null,House,101603801,Entire home/apt,null,4606894,,,,,
100364404,8,1,"Safe, Clean, Green and Friendly",0.451087,3,6,125.569,10422.2,2,4269414,-122.7760169,49.1422376,null,House,100364404,Entire home/apt,null,4269414,,,,,
17157171,null,1,Modern Luxury Condo in the Heart of Cloverdale,1,1,2,78.1799,234.54,1,null,-122.73118,49.10714,null,Condominium,6944184,Entire home/apt,17157171,null,,,,,
2583785,9.9,1,Stylish & Spotless in South Surrey _ White Rock!,0.818182,1,2,78.2174,8447.48,23,null,-122.81192,49.06181,4336098,Guest suite,1134239,Entire home/apt,2583785,4336098,,,,,
3128924,9.5,1,Home Away from Home 2 Bedroom Suite,0.535714,2,4,170.693,5120.79,8,null,-122.81251,49.0644,null,Place,1135533,Entire home/apt,3128924,null,,,,,
14070623,null,1,White Rock suite sleeps 1-4. Two blocks to Ocean!,0.163934,1,4,58.635,586.35,2,null,-122.85936,49.02838,null,Guest suite,4517491,Entire home/apt,14070623,null,,,,,
102966170,0,2.5,WHITE ROCK LUXURY 3 BDRM  DELUXE SUITES IN B&B WITH POOL & CLOSE TO BEACHES ,0.491803,3,8,408.962,12268.9,0,1589282vb,-122.846335,49.035161,null,Bed And Breakfast,102966170,Entire home/apt,null,1589282vb,,,,,
28103195,10,1,"Cosy and Quiet Upper Level, 3 bedroom house",0.513636,3,6,112.558,12719.1,4,null,-122.86188,49.18994,null,House,10835233,Entire home/apt,28103195,null,,,,,
24716036,9.4,1,Cozy Private Suite With 2 Bedrooms!______,0.408654,2,5,143.769,12220.3,29,null,-122.79373,49.14616,null,Guest suite,10022827,Entire home/apt,24716036,null,,,,,
12609662,9.4,1,Home away from home,0.932515,1,4,85.5492,13003.5,50,null,-122.84314,49.19874,null,Apartment,2336613,Entire home/apt,12609662,null,,,,,
30038272,6,1,newly renovated apartment,0.688889,1,3,59.1785,1834.53,2,null,-122.84716,49.19989,null,Apartment,12632622,Entire home/apt,30038272,null,,,,,
17513562,10,1,Beautiful Creekside B&B in Fraser Heights Village,0.603306,2,5,154.458,11275.4,10,null,-122.78145,49.19628,4205643,Guest suite,5264134,Entire home/apt,17513562,4205643,,,,,
20931023,9.9,1,Studio-Surrey Center,0.875,0,2,88.7441,22363.5,32,null,-122.85295,49.18823,null,Condominium,7343439,Entire home/apt,20931023,null,,,,,
103059494,0,1,Cozy one bedroom with shared bathroom.,0.704918,1,2,33.8236,1454.42,0,7558931,-122.7436754,49.06049811,null,House,103059494,Entire home/apt,null,7558931,,,,,
19893164,9.9,3.5,Brand new house close to beach and USA boarder I,0.367816,4,10,456.359,43810.4,30,null,-122.77725,49.03328,null,House,6793690,Entire home/apt,19893164,null,,,,,
18814781,9.8,1,Clean and comfy~Home away from home in White Rock,0.547872,1,4,124.939,12868.7,58,null,-122.86465,49.02969,null,Guest suite,6055474,Entire home/apt,18814781,null,,,,,
33837288,null,1,"____,____",1,1,3,125.357,2131.08,0,null,-122.84999,49.19051,null,Apartment,13093071,Entire home/apt,33837288,null,,,,,
32668545,null,1,Fraser Heights  2 bedrooms suite No.2,0.730769,2,3,110.53,2100.07,0,null,-122.78429,49.19974,null,Guest suite,12582459,Entire home/apt,32668545,null,,,,,
14385255,9.2,1,Spacious Two Bedroom Suite in Quiet Neighbourhood,0.666667,2,5,90.4202,17903.2,24,null,-122.76516,49.19922,null,Guest suite,3674909,Entire home/apt,14385255,null,,,,,
23357359,8,1,"""Feel At Home"" Surrey/Vancouver, Ca",0.695652,2,5,129.654,8297.86,3,null,-122.83017,49.16919,4869226,House,8661948,Entire home/apt,23357359,4869226,,,,,
102966266,0,3.5,Surrey BC doesn’t allow short term rental. Please complain. ,0.737705,7,14,596.354,26835.9,0,7626222,-122.6990112,49.12917529,null,House,102966266,Entire home/apt,null,7626222,,,,,
31074577,8,3.5,Large Modern 5-Bedroom House,0.680412,5,16,257.986,17027.1,6,null,-122.72238,49.18224,null,House,11981007,Entire home/apt,31074577,null,,,,,
20483467,9.8,1,Modern 2 Bedroom Suite - 10 Min Walk to Skytrain,0.743478,2,4,103.877,17763,34,null,-122.8387,49.20126,null,Guest suite,7097155,Entire home/apt,20483467,null,,,,,
24853762,9.5,1,Country Living In The City with Horses,0.759036,2,6,101.644,19210.7,25,null,-122.68174,49.03196,null,Farm stay,9395316,Entire home/apt,24853762,null,,,,,
102756790,0,2.5,Spacious and beautiful Townhome,0.653543,3,10,225.429,18710.6,0,1467098vb,-122.8286396,49.11061731,null,House,102756790,Entire home/apt,null,1467098vb,,,,,
102465194,0,4.5,5bdr+4.5bath Renovated House in Surrey,0.309623,5,10,783.694,57993.3,0,7190123,-122.7592304,49.19367231,null,House,102465194,Entire home/apt,null,7190123,,,,,
28478087,8.3,1,Brand new and private home in metro Vancouver!,0.278302,2,5,161.66,9537.95,7,null,-122.83832,49.20355,null,Guest suite,10962483,Entire home/apt,28478087,null,,,,,
15149952,8.8,1,Cozy 2 Bedroom Suite,0.752613,2,4,93.4253,20179.9,110,null,-122.80665,49.20356,null,Guest suite,3965994,Entire home/apt,15149952,null,,,,,
29948894,null,1,Bright and private coach house,0.459016,2,2,109.351,6123.65,0,null,-122.76462,49.05037,null,Guesthouse,11497852,Entire home/apt,29948894,null,,,,,
22916152,null,2.5,Spacious rooms,1,3,7,196.259,6869.05,0,null,-122.77549,49.20164,null,Villa,11864785,Entire home/apt,22916152,null,,,,,
16058548,9.8,1,Bright and Spacious One Bedroom Condo in DT Surrey,0.890566,1,2,102.431,24173.8,64,null,-122.8366,49.17969,null,Apartment,4736277,Entire home/apt,16058548,null,,,,,
25474487,9.3,1,Surrey central lovely 2bdr mountain views 1parking,0.4375,2,4,149.067,8347.73,6,null,-122.84264,49.19746,null,Apartment,11570565,Entire home/apt,25474487,null,,,,,
33995779,null,1,CLAYTON COACH HOUSE,0.321429,1,4,106.636,959.726,0,null,-122.68453,49.12472,null,House,13144993,Entire home/apt,33995779,null,,,,,
21400313,9.6,1.5,Luxurious 3-bedroom Suite,0.693498,3,8,157.551,35291.5,66,null,-122.86973,49.18512,null,Apartment,7624690,Entire home/apt,21400313,null,,,,,
21125853,9.3,4,CASA DE MOUNTAIN VIEW,0.674923,4,10,234.169,51048.8,63,null,-122.86464,49.20383,null,House,7395292,Entire home/apt,21125853,null,,,,,
13202689,8.2,1,2 Bedroom Suite in Surrey,0.898551,2,5,89.4852,5548.08,9,null,-122.84064,49.17023,null,Guest suite,3082050,Entire home/apt,13202689,null,,,,,
33758217,10,1,Private 2 BR  suite -full kitchen & washer dryer,0.380952,2,4,84.9196,679.357,1,null,-122.69548,49.12474,null,House,13097555,Entire home/apt,33758217,null,,,,,
17983158,9.4,1,Cozy Bungalow the perfect getaway,0.281437,1,2,82.6826,3886.08,13,null,-122.79879,49.0433,null,Guest suite,5675051,Entire home/apt,17983158,null,,,,,
19345008,8.5,1,White Rock Guest Suite,0.913386,2,4,113.261,13138.3,4,null,-122.81168,49.03628,null,Guest suite,6484430,Entire home/apt,19345008,null,,,,,
10811828,9.8,1.5,Crescent Beach Oasis,0.582474,2,4,185.907,21007.5,35,null,-122.88122,49.05261,null,Guest suite,1717702,Entire home/apt,10811828,null,,,,,
15471877,10,1,Modern 2br. Suite w/ Nice Backyard,0.759259,2,2,79.2429,9746.88,21,null,-122.85621,49.19987,null,House,4479747,Entire home/apt,15471877,null,,,,,
14715267,10,1,"Bright,quiet Family friendly Suite, South Surrey",0.489712,2,4,153.698,18290.1,79,null,-122.74369,49.00786,null,Guest suite,3784173,Entire home/apt,14715267,null,,,,,
29758563,9,2,"Brand New, Fully Furnished Town House #209",0.526316,4,8,255.635,10225.4,4,null,-122.86831,49.16215,null,Townhouse,11486950,Entire home/apt,29758563,null,,,,,
27237078,9.8,1,Newly renovated & super spacious 2 bedroom suite,0.572727,2,6,99.1584,12494,26,null,-122.79458,49.06415,null,House,10508905,Entire home/apt,27237078,null,,,,,
27955429,10,1,Spacious Guest Suite in Brand New Home,0.825871,2,4,125.463,20826.9,29,null,-122.77431,49.04838,null,Guest suite,10811210,Entire home/apt,27955429,null,,,,,
27261921,9.4,1,Private 2 Bedroom Suite,0.831325,2,4,113.636,7840.91,7,null,-122.71917,49.1038,null,Guest suite,10429869,Entire home/apt,27261921,null,,,,,
102106213,10,1,2-Bedroom Suite in Acreage Home Close to Highway Room #2,0.647343,1,2,68.2817,9149.75,1,1254072vb,-122.7542643,49.19539482,null,House,102106213,Entire home/apt,null,1254072vb,,,,,
13208308,9.8,1,"Top View, Private 2-bedroom-Suite, FraserHeights",0.456395,2,6,146.212,22955.2,32,null,-122.78447,49.21152,null,House,2927743,Entire home/apt,13208308,null,,,,,
33171544,10,2.5,3bdrm townhouse. easy access to anywhere in town!,0.222222,3,5,152.428,1829.14,1,null,-122.71287,49.12964,null,Townhouse,12862097,Entire home/apt,33171544,null,,,,,
25673728,9.8,2,Gorgeous 2 Bedroom home Close to all amenities.,0.584229,2,5,178.671,29123.4,25,null,-122.75865,49.0738,null,House,9664211,Entire home/apt,25673728,null,,,,,
11478225,9.8,1,"Upscale, Clean and Modern Suite",0.848214,0,4,70.7947,13451,140,null,-122.76466,49.1103,null,Guest suite,1934911,Entire home/apt,11478225,null,,,,,
27906769,null,8,Luxury Villa with Ocean View,0.11,5,15,1012.79,11140.6,0,null,-122.8642,49.05275,null,Villa,10719494,Entire home/apt,27906769,null,,,,,
25099188,9.7,1,Warm House,0.45092,1,2,66.0486,9709.14,44,null,-122.69584,49.12693,null,House,9503083,Entire home/apt,25099188,null,,,,,
2026837,9.8,1,Unique Garden Suite ~ Surrey,0.651685,1,1,71.7269,12480.5,152,null,-122.84993,49.1162,null,Guest suite,1134165,Entire home/apt,2026837,null,,,,,
28031775,10,1,Heavenly HideAway,0.851695,1,3,167.19,33605.2,11,null,-122.84961,49.19026,null,Condominium,10800125,Entire home/apt,28031775,null,,,,,
100293739,8,4,"Cozy, family-friendly house sleeps 10! Convenient Location",0.329949,5,10,610.737,39697.9,6,3962572,-122.7893799,49.1893341,null,House,100293739,Entire home/apt,null,3962572,,,,,
100671316,10,2,Lovely 2 Bedroom 1.5 Bathroom Cloverdale Basement Suite Located In Safe-Nice Are,0.312727,2,4,169.197,14550.9,19,751408vb,-122.7095283,49.12520438,null,House,100671316,Entire home/apt,null,751408vb,,,,,
21274947,10,2.5,A quiet oasis centrally located.,0.875,4,6,223.082,3123.15,1,null,-122.82404,49.03367,null,House,7830601,Entire home/apt,21274947,null,,,,,
14763131,9.8,1,"Zebra Inn -Upscale, modern & clean 2 bedroom suite",0.639752,2,4,100.414,10342.7,67,null,-122.68847,49.12599,null,Apartment,3901643,Entire home/apt,14763131,null,,,,,
25089073,9.9,1,"Brand new modern ,cozy and clean 3 bedroom suite!",0.696429,3,6,147.982,28856.5,40,null,-122.77923,49.05183,null,Guest suite,9657548,Entire home/apt,25089073,null,,,,,
24666416,9,2.5,Brand New Luxury Executive Home,0.323529,2,4,284.372,9384.29,4,null,-122.76259,49.03975,null,House,10549287,Entire home/apt,24666416,null,,,,,
21703110,8.5,2.5,Family vacation house in WhiteRock/South Surrey,0.437931,4,9,239.783,30452.4,28,null,-122.86449,49.04087,null,House,10101120,Entire home/apt,21703110,null,,,,,
27469499,9.6,2,Beautiful and Quiet 3 Bedroom 2 Washroom House,0.464789,3,6,207.077,20500.7,22,null,-122.87191,49.18311,null,House,10529454,Entire home/apt,27469499,null,,,,,
33101510,10,1,Jane's new  cozy suite,0.7,2,4,92.8146,3248.51,2,null,-122.82061,49.1428,null,House,12719582,Entire home/apt,33101510,null,,,,,
19136797,9.9,1,"Luxury Guesthouse , White Rock, S/Surrey",0.678125,1,2,139.526,30277.2,88,null,-122.82692,49.06562,null,Guesthouse,6342970,Entire home/apt,19136797,null,,,,,
28442160,9.9,1,"Surrey, Fraser Heights spacious private suite",0.913793,1,4,56.9691,12077.5,91,null,-122.75944,49.20018,null,Guest suite,10951580,Entire home/apt,28442160,null,,,,,
17757,9.8,2.5,Luxury Home w/Tennis Court/Hot Tub/BBQ/Pitch&Putt,0.535088,4,10,320.94,39154.7,24,null,-122.76523,49.05318,null,House,674577,Entire home/apt,17757,null,,,,,
17546444,9.7,1,Cozy 2 Bedroom Self-Contained Suite,0.777778,2,4,92.1184,16765.6,46,null,-122.75888,49.1067,null,Apartment,5461373,Entire home/apt,17546444,null,,,,,
22988174,9.8,1.5,My spacious 3 Bedroom suite in the heart of Surrey,0.655303,3,8,150.68,26067.6,30,null,-122.8509,49.17796,null,Apartment,8441647,Entire home/apt,22988174,null,,,,,
27474062,9.5,1.5,Convenient & Bright.3 BR. Home with  private entry,0.54,3,6,126.456,10242.9,8,null,-122.81432,49.18923,null,House,11127586,Entire home/apt,27474062,null,,,,,
25520637,10,1.5,12437 Surrey your Travel home,0.347561,3,6,147.894,8429.95,3,null,-122.87706,49.12974,null,House,9719835,Entire home/apt,25520637,null,,,,,
103059472,0,1,One large bedroom with shared bathroom,0.672131,1,2,41.3256,1694.35,0,7558928,-122.73658,49.05938167,null,House,103059472,Entire home/apt,null,7558928,,,,,
31714431,9.8,2,Cambridge Heights  - A HOME AWAY FROM HOME,0.59,3,7,148.295,8749.41,9,null,-122.80875,49.1127,null,House,12243852,Entire home/apt,31714431,null,,,,,
32112861,10,1,private Two Bedrooms Suite for family,0.262295,2,4,199.325,3189.2,4,null,-122.83847,49.20314,null,Guest suite,12439657,Entire home/apt,32112861,null,,,,,
31238723,null,1.5,NEW Luxury Guildhouse  2 Bedroom Apartment,1,2,6,151.343,2724.17,0,null,-122.81064,49.18614,null,Apartment,12063241,Entire home/apt,31238723,null,,,,,
26690840,8.7,1,CLAYTON HOME,0.875,2,4,108.388,6069.73,17,null,-122.68588,49.1262,null,Guest suite,10201232,Entire home/apt,26690840,null,,,,,
22442254,9.2,1,Standard studio Suite,0.77381,0,3,61.4241,11977.7,96,null,-122.75971,49.15625,null,Guest suite,8142672,Entire home/apt,22442254,null,,,,,
15509491,9.7,3,My Lovely Loft 4 Beds/3 Baths Surrey Central,0.764526,4,8,296.723,74180.6,117,null,-122.84702,49.17683,4333875,Loft,4579300,Entire home/apt,15509491,4333875,,,,,
22862165,8,1,Central Surrey 2 Bedroom Suite,0.746988,2,5,86.6589,5372.85,3,null,-122.84206,49.17033,null,Guest suite,8337292,Entire home/apt,22862165,null,,,,,
29011300,10,1,Tu Casa,0.431034,1,2,88.2625,4413.12,1,null,-122.76591,49.04429,1454127vb,Guest suite,11237281,Entire home/apt,29011300,1454127vb,,,,,
30318462,null,1,"Cute, Cozy and Convenient all in Clayton (Surrey)",0.869565,2,4,76.6298,3065.19,0,null,-122.69714,49.12455,null,Guest suite,11707593,Entire home/apt,30318462,null,,,,,
19961918,8.9,4.5,"Luxury New House & Suite, near WhiteRock US Border",0.60241,6,16,493.612,24680.6,13,null,-122.78756,49.03273,null,Villa,6839317,Entire home/apt,19961918,null,,,,,
102966218,0,2,White Rock Luxury 3 Bedroom Private Suites all on 1 Floor!,0.0333333,3,8,471.775,471.775,0,7661570,-122.846335,49.035161,null,House,102966218,Entire home/apt,null,7661570,,,,,
32290854,8.7,1,Cloverdale Coach House\nBeautiful British Columbia.,0.754098,1,2,78.8832,3628.63,3,null,-122.68674,49.12409,null,Guest suite,12477090,Entire home/apt,32290854,null,,,,,
24740189,8.8,1,_____________South Surrey/whiteRock 3BR unit,0.69697,3,6,81.3446,13096.5,39,null,-122.77985,49.05194,null,Guest suite,9323009,Entire home/apt,24740189,null,,,,,
906091,9.3,1,1 bdrm suite by the forest in city,0.885714,1,2,45.2644,1403.2,41,null,-122.81723,49.21042,null,Apartment,1133987,Entire home/apt,906091,null,,,,,
21251236,10,1,1 bed room  apartment  building close skytrain new,0.418919,1,2,137.184,8505.44,2,null,-122.84193,49.18335,null,Condominium,7511618,Entire home/apt,21251236,null,,,,,
102271952,10,2.5,Beautiful Family Home in the Vancouver Area (Fleetwood),0.571429,5,15,377.645,4531.74,1,1330934vb,-122.7971943,49.1621752,null,House,102271952,Entire home/apt,null,1330934vb,,,,,
19328694,9.3,1,Clean And Spacious Suite Back To Greenbelt,0.913295,2,4,87.7263,13860.8,26,null,-122.79419,49.07041,null,House,6695000,Entire home/apt,19328694,null,,,,,
24857217,9.7,3.5,Spacious and cosy family home,0.631579,4,10,389.411,37383.5,14,null,-122.80076,49.13052,null,House,9392563,Entire home/apt,24857217,null,,,,,
25510250,9.6,2.5,Convenient and comfortable Townhouse,0.847222,3,5,187.605,11443.9,5,null,-122.79858,49.05216,null,Townhouse,9656041,Entire home/apt,25510250,null,,,,,
100792258,10,2,"Beach life at Sea Horse Cottage, Crescent Beach, near White Rock",0.808594,2,4,183.312,37945.6,10,966841vb,-122.8851,49.054331,null,House,100792258,Entire home/apt,null,966841vb,,,,,
21298660,9,1,C & F 2 Bedrooms Decent Suite,0.665236,2,4,83.2586,12905.1,68,null,-122.78488,49.16801,null,House,7561556,Entire home/apt,21298660,null,,,,,
25084637,9.5,1,M&M,0.55102,1,4,92.7243,15021.3,30,null,-122.79072,49.0364,null,Guest suite,9587978,Entire home/apt,25084637,null,,,,,
16847287,9.6,1,URBAN FOREST SUITE,0.649057,2,6,88.6656,15250.5,80,null,-122.77338,49.14632,null,Guest suite,5355569,Entire home/apt,16847287,null,,,,,
19684547,9.2,1,Beautiful 1 bedroom apartment w/ STUNNING VIEWS,0.75,1,2,126.95,4189.37,5,null,-122.85058,49.19226,null,Loft,6674742,Entire home/apt,19684547,null,,,,,
25207453,9.6,1,Cute Surrey one-Bedroom Unit,0.766129,1,2,66.758,6342.01,22,null,-122.79404,49.20679,null,Guest suite,9555219,Entire home/apt,25207453,null,,,,,
16110923,10,1,COZY STUDIO,1,1,4,48.5255,970.51,5,null,-122.84224,49.20092,null,Condominium,5682763,Entire home/apt,16110923,null,,,,,
7150617,9.8,1,Modern Private Suite With View,0.554745,1,2,130.182,9893.81,25,null,-122.76074,49.1441,null,Guest suite,1135146,Entire home/apt,7150617,null,,,,,
8460213,10,1,Executive @ King George Station Surrey,0.966667,1,2,98.12,2845.48,6,null,-122.84319,49.18315,null,Apartment,5752796,Entire home/apt,8460213,null,,,,,
16999289,9.6,1,"Cheetah Inn - Modern, clean & bright",0.646465,1,2,73.3569,9389.68,46,null,-122.68704,49.12548,null,Apartment,5297170,Entire home/apt,16999289,null,,,,,
16755872,9.4,1,Tina's Suite,0.81672,1,2,69.2698,17594.5,92,null,-122.79562,49.15781,null,Guest suite,5104226,Entire home/apt,16755872,null,,,,,
14635,null,null,Olympic Condo Sleeps 6!,0.344086,0,3,269.839,8634.84,0,null,-122.80321,49.05604,null,Home/apt,6080260,Entire home/apt,14635,null,,,,,
17418231,9.9,1,Entire studio- Fleetwood and Guildford,0.792208,0,2,52.3041,9571.65,51,null,-122.79664,49.17158,null,House,5944385,Entire home/apt,17418231,null,,,,,
22191184,6,1,"Stylish, Large, Open 3 Bdr Top Floor-3min to beach",0.917647,3,6,153.068,23878.6,1,null,-122.7895,49.03929,null,Apartment,8024368,Entire home/apt,22191184,null,,,,,
29564129,10,2.5,New! _5BR Family Fiesta Home_ -Introductory Prices,0.641176,5,16,150.807,16438,21,null,-122.75586,49.10767,null,House,11410852,Entire home/apt,29564129,null,,,,,
11210688,9.7,2,MODERN 2bedrm 2bathrm basement suit:NEAR SKYTRAIN1,0.874525,2,6,102.243,23516,53,null,-122.84803,49.20544,null,House,1804918,Entire home/apt,11210688,null,,,,,
29696883,10,2.5,Clayton home with 5 bedrooms,0.640351,5,10,232.712,16988,5,null,-122.69622,49.12965,null,House,11467988,Entire home/apt,29696883,null,,,,,
26687590,10,1,South Surrey Private Suite,0.715909,1,2,126.748,7985.14,7,null,-122.79452,49.06828,null,Guest suite,10201131,Entire home/apt,26687590,null,,,,,
24336888,8.7,1,Cozy Central Surrey Apartment with Mountain View,0.863158,1,4,111.089,9109.31,11,null,-122.85057,49.19273,null,Apartment,9307272,Entire home/apt,24336888,null,,,,,
31498531,10,4.5,Classic Retreat Mansion Crescent Beach,0.607477,8,16,302.33,19651.5,5,null,-122.86807,49.05387,null,Villa,12126289,Entire home/apt,31498531,null,,,,,
15577604,9.9,1,Private Guest Suite beautiful views.,0.786885,1,4,84.8522,20364.5,43,null,-122.84776,49.06185,null,Guest suite,5533427,Entire home/apt,15577604,null,,,,,
15872404,9.9,1,Comfortable accommodation close to USA border,0.541667,2,4,114.47,17857.4,22,null,-122.74498,49.00961,null,Guest suite,4651623,Entire home/apt,15872404,null,,,,,
21667544,9.9,1,Quiet vacation suite at White Rock,0.830357,1,2,86.6154,8055.23,33,null,-122.8286,49.05553,null,House,7745168,Entire home/apt,21667544,null,,,,,
22599882,9.8,1,Modern Suite Near White Rock + US Border,0.807882,2,6,101.991,16726.5,38,null,-122.74307,49.00929,null,Guest suite,8901109,Entire home/apt,22599882,null,,,,,
25187265,9.9,4.5,Luxurious mansion in South Surrey,0.204878,5,10,814.214,34197,15,null,-122.84137,49.06225,null,House,9660632,Entire home/apt,25187265,null,,,,,
21886948,8.7,3,Cozy Surrey home Available for 10+ guests,0.705706,5,14,285.216,67025.8,37,null,-122.82592,49.10346,null,House,8053834,Entire home/apt,21886948,null,,,,,
21907327,10,1,Cloverdale suite,0.921569,1,2,80.2735,3772.86,3,null,-122.768,49.11052,null,Guest suite,7920964,Entire home/apt,21907327,null,,,,,
26004132,10,1,Home with a view,0.52381,2,3,47.9128,527.041,2,null,-122.82792,49.21249,null,Guest suite,9835824,Entire home/apt,26004132,null,,,,,
27878936,9.9,1,Heavenly HideAway .,0.7375,1,3,168.994,29911.9,30,null,-122.85211,49.19059,1420717vb,Condominium,10723255,Entire home/apt,27878936,1420717vb,,,,,
15328029,10,2,"Natural mid mod,  easy comfort and tasteful decor",0.381579,2,4,228.172,6616.99,1,null,-122.85205,49.034,null,Bungalow,4305738,Entire home/apt,15328029,null,,,,,
28181942,null,6,NEW! Luxury Vancouver Home w/Patio & Views of Dwtn,0.4,6,16,993.059,47666.8,1,null,-122.89162,49.18488,7300940,House,10835230,Entire home/apt,28181942,7300940,,,,,
31763405,9,1.5,Nice & Comfortable + Convinient House (3BR for 6),0.423729,3,6,151.831,3795.77,2,null,-122.78714,49.03327,null,House,12828954,Entire home/apt,31763405,null,,,,,
20981020,9.7,1,New Two-Bedroom Suite Near  South Surrey Outlets,0.462633,2,4,93.5567,12162.4,31,null,-122.78429,49.05517,null,House,7355470,Entire home/apt,20981020,null,,,,,
25356994,10,1,Private 1 Bdr. Suite Surrey Center,0.961538,1,2,71.1707,3558.54,8,null,-122.85572,49.19903,null,Guest suite,9694259,Entire home/apt,25356994,null,,,,,
28704336,9.4,1,private suite with own entrance!(netflix),0.310345,1,3,117.145,6325.84,10,null,-122.83932,49.20146,null,Guest suite,11051619,Entire home/apt,28704336,null,,,,,
1797245,9.7,1,Beautiful home in Cresent Beach.,0.443662,3,6,272.613,34349.3,86,null,-122.88287,49.05048,null,House,1135779,Entire home/apt,1797245,null,,,,,
100446704,10,1,"Charming, Ocean View, Lovely Deluxe Suite ~ And We're Pet Friendly!",0.655602,1,4,181.28,28642.2,12,558137vb,-122.8830298,49.0489533,null,Cottage,100446704,Entire home/apt,null,558137vb,,,,,
31958111,null,1,"Beautiful, and Private Suite",0.444444,0,2,110.193,881.546,1,null,-122.73695,49.00285,null,Apartment,12359190,Entire home/apt,31958111,null,,,,,
102863127,0,1,Sheraton Vancouver Guildford Hotel,0.625,0,2,237.236,3558.54,0,4593395,-122.7987,49.19158,null,Hotel,102863127,Entire home/apt,null,4593395,,,,,
8445721,4,1,Beautiful Private Garden View Condo,0.626866,1,2,102.411,4301.24,1,null,-122.84817,49.20232,null,Condominium,1462173,Entire home/apt,8445721,null,,,,,
30542665,10,1,Central Surrey Garden Suite,0.0877193,2,5,89.5025,447.513,1,null,-122.86872,49.17354,null,Guest suite,11986299,Entire home/apt,30542665,null,,,,,
6434376,9.6,1,Large 1-Bedroom apt in Surrey - Awesome Location!,0.550505,1,2,88.8892,9688.92,22,null,-122.83731,49.18027,null,Apartment,1134668,Entire home/apt,6434376,null,,,,,
25624791,9.7,1,Jenni's Guesthouse,0.647059,0,3,86.2325,13279.8,65,null,-122.86188,49.02783,null,Guesthouse,9692357,Entire home/apt,25624791,null,,,,,
9199315,9.8,1,Surrey Apartment,0.681818,1,2,41.8757,1256.27,16,null,-122.84181,49.19943,null,Apartment,1392240,Entire home/apt,9199315,null,,,,,
20560570,9.5,1,"Dream home 1     \nA suite (kitchen, own entrance )",0.6875,1,2,98.9467,18503,31,null,-122.84161,49.11307,null,House,7127022,Entire home/apt,20560570,null,,,,,
21070225,8.7,1,"Dream home 2 \nA suite , a kitchen , own entrance",0.669039,2,4,126.799,23838.1,18,null,-122.80553,49.16579,null,House,7431552,Entire home/apt,21070225,null,,,,,
21175476,9.6,1,Home Away From Home in South Surrey,0.694737,1,4,146.312,9656.57,17,null,-122.80532,49.05711,null,Apartment,7469004,Entire home/apt,21175476,null,,,,,
31669692,9,3.5,Fleetwood Haven,1,5,10,207.973,6447.15,2,null,-122.78278,49.16331,null,House,12176476,Entire home/apt,31669692,null,,,,,
14491652,9.4,1,Clean Two Bedroom Suite ! Close to No.1 Hwy,0.664122,2,5,100.545,17494.8,69,null,-122.81561,49.21144,null,House,3966039,Entire home/apt,14491652,null,,,,,
18273989,9,3,Beautiful seaside manor,0.626667,4,8,406.257,38188.2,23,null,-122.84697,49.03748,null,Villa,5966337,Entire home/apt,18273989,null,,,,,
30015675,10,1,Quaint suburbia in South Surrey/White Rock,0.689655,2,4,102.982,2059.64,1,null,-122.78765,49.03433,null,Guest suite,11655864,Entire home/apt,30015675,null,,,,,
18265737,10,1,Awesome Family Accommodation in South Surrey BC,0.637255,2,4,121.715,23734.4,115,null,-122.74579,49.00598,null,Guest suite,5764956,Entire home/apt,18265737,null,,,,,
24803918,9.7,1,Beautiful Private SINGLE UNIT+GARDEN (2BR for 6),0.626168,2,6,158.945,21298.6,15,null,-122.7955,49.14775,null,Apartment,9330893,Entire home/apt,24803918,null,,,,,
100728780,10,3,Creekside Nature Retreat,0.540323,5,10,583.895,39121,18,850064vb,-122.7538457,49.20019012,null,House,100728780,Entire home/apt,null,850064vb,,,,,
31192607,9.4,1,"One Bedroom, One Living Room Suite (New Update)",0.612903,1,4,60.5504,2300.92,7,null,-122.77843,49.18375,null,Guest suite,11954107,Entire home/apt,31192607,null,,,,,
29653275,10,1,J & F Exquisite Inn,0.285714,2,4,88.5422,1416.67,4,null,-122.82548,49.16052,null,Guest suite,11441539,Entire home/apt,29653275,null,,,,,
33272811,null,1,___,0.0416667,2,6,176.579,176.579,0,null,-122.90161,49.18426,null,House,12863301,Entire home/apt,33272811,null,,,,,
23614079,9.6,1,South Surrey Private Suite nr Beaches & US Border,0.745763,2,6,58.88,2590.72,10,null,-122.8122,49.05701,7500165,Guest suite,8924555,Entire home/apt,23614079,7500165,,,,,
11280434,9.6,1,Surrey Center Bachelor (all in one),0.857143,0,3,85.6385,2569.15,19,null,-122.85425,49.1886,null,Apartment,1829620,Entire home/apt,11280434,null,,,,,
100362977,10,1.5,"Family /group friendly,cheap, very clean accomodation!",0.528455,2,4,129.028,8386.82,2,4265036,-122.8086357,49.19051678,null,House,100362977,Entire home/apt,null,4265036,,,,,
20284086,9.9,2,South Surrey Ocean View Villa,0.489362,4,8,317.944,51189,46,null,-122.85549,49.1048,null,House,9177553,Entire home/apt,20284086,null,,,,,
23690137,8.8,2.5,A Warm and Cozy Home Away from Home,0.752101,3,9,146.533,26229.4,35,null,-122.86416,49.13514,7368270,House,10001099,Entire home/apt,23690137,7368270,,,,,
102165858,0,1.5,New Charming and Chic Home,0.310345,2,4,367.486,9922.11,0,1293214vb,-122.8115899,49.11365133,null,House,102165858,Entire home/apt,null,1293214vb,,,,,
101900094,10,1,West Coast Designer 1 Bedroom Garden Suite,0.505791,1,4,151.688,19871.2,25,1203579vb,-122.7581974,49.10951263,null,Apartment,101900094,Entire home/apt,null,1203579vb,,,,,
103040054,0,1,Cozy Beach Home with Large Kitchen and Garden,1,1,3,72.4288,1086.43,0,7413988,-122.8643051,49.03422194,null,House,103040054,Entire home/apt,null,7413988,,,,,
27531566,10,4.5,"Warm and Cozy house ( 7 Bed, 4.5 Bath) Full House",0.343348,7,16,571.758,45740.7,8,null,-122.87843,49.11076,null,House,10563555,Entire home/apt,27531566,null,,,,,
18158946,8,1,Nice 2-bedroom Suite in Amazing and Quiet House,0.913462,2,4,210.987,20043.7,1,null,-122.78937,49.03334,null,Guest suite,5966377,Entire home/apt,18158946,null,,,,,
8174602,9.9,1,Friends Family Hotel of White Rock Beachfront,0.616216,2,5,100.338,11438.5,78,null,-122.76647,49.02205,null,Guest suite,993495,Entire home/apt,8174602,null,,,,,
23321921,10,1,Big Tree A,0.151316,2,5,127.291,2927.7,2,null,-122.8571,49.18923,null,Townhouse,11187631,Entire home/apt,23321921,null,,,,,
26872327,null,1,Sally's Garden Suite,0.477273,1,3,120.8,2536.8,0,null,-122.7927439,49.0324341,null,Guest suite,10276824,Entire home/apt,26872327,null,,,,,
21583874,9.8,1,Cozy 2-bedroom Suite with own Entrance/Suite-N,0.753247,2,4,72.4861,4204.19,13,null,-122.81064,49.1304,null,House,7701141,Entire home/apt,21583874,null,,,,,
29678491,9.6,1,Surrey Center Cozy Condo,0.594059,1,4,115.226,6913.53,9,null,-122.85449,49.18805,null,Apartment,11445238,Entire home/apt,29678491,null,,,,,
21424109,8,1,Beautiful brand new 1 bedroom suite,0.42623,1,2,103.946,2702.6,2,null,-122.77862,49.18939,null,Guest suite,7632767,Entire home/apt,21424109,null,,,,,
27050355,9,1,Spacious 1 Bedroom Suite with a Separate Entrance,0.956522,1,4,69.2754,4572.18,4,null,-122.75882,49.1598,null,Guest suite,10353316,Entire home/apt,27050355,null,,,,,
20256457,9.6,1,Private one bedroom suite with own entrance,0.737003,1,2,70.0476,16881.5,32,null,-122.80893,49.15372,null,Guest suite,7054489,Entire home/apt,20256457,null,,,,,
18127619,9.3,1,"Charming, Private 2-bedroom suite w/ own entrance",0.836795,2,4,80.0823,22583.2,154,null,-122.86279,49.11134,null,Guest suite,5719282,Entire home/apt,18127619,null,,,,,
21886219,9.8,1,Surrey Central Garden Suite With a View,0.622727,1,2,70.7417,9691.62,19,null,-122.83433,49.21175,null,Guest suite,7890757,Entire home/apt,21886219,null,,,,,
27500931,9.8,1,2BR Newly Renovated Modern Private Entrance Suite,0.357143,2,6,127.838,9587.83,20,null,-122.82394,49.19345,null,Guest suite,10861413,Entire home/apt,27500931,null,,,,,
22873061,8.6,2,"View, cozy 2br 2ba by the skytrain",0.8,2,6,107.767,2155.34,6,null,-122.85016,49.19957,4789922,Apartment,12844381,Entire home/apt,22873061,4789922,,,,,
20457347,10,1,1 bd 1 bath private spacious suite in Guildford,0.311475,1,2,66.3323,1260.31,1,null,-122.78547,49.18876,null,Guest suite,7079337,Entire home/apt,20457347,null,,,,,
15847171,9.7,1,Clean and private 2 bedroom basement suite.,0.875433,2,4,73.1931,18517.9,57,null,-122.6827,49.13248,null,House,4671420,Entire home/apt,15847171,null,,,,,
33877412,null,1,Quite place,0.448276,1,3,125.357,1629.65,0,null,-122.83303,49.04469,null,Guest suite,13169032,Entire home/apt,33877412,null,,,,,
6672807,9.4,1,self contained 2 bedroom apartment,0.666667,2,4,129.766,12457.6,46,null,-122.78853,49.1977,null,Guest suite,1134978,Entire home/apt,6672807,null,,,,,
16190587,9.2,1,One Bedroom Suite for Five,0.575472,1,5,96.8889,17730.7,67,null,-122.85375,49.16157,null,Minsu,4820193,Entire home/apt,16190587,null,,,,,
30333808,8,2.5,Your Vacation house( available for 10 more guests),0.282609,5,15,283.843,7379.92,2,null,-122.84944,49.05703,null,Bungalow,11735825,Entire home/apt,30333808,null,,,,,
14169619,9.7,2.5,Sullivan Beauty,0.768817,4,9,541.849,77484.4,30,null,-122.79405,49.11093,null,House,3576082,Entire home/apt,14169619,null,,,,,
28127278,10,1,"Beautiful+Comfy/Modern Single Unit (1BR, 4person)",0.189873,1,4,121.404,1821.05,3,null,-122.7928,49.06288,null,Guest suite,10858666,Entire home/apt,28127278,null,,,,,
8830830,9,2.5,The House You Remember,0.217391,3,5,343.924,6878.49,2,null,-122.69577,49.12741,null,House,5132112,Entire home/apt,8830830,null,,,,,
33877676,null,1,South Surrey white rock area,0.5,1,2,87.885,1318.28,0,null,-122.83402,49.04584,null,Guest suite,13035055,Entire home/apt,33877676,null,,,,,
31643018,null,2,South Surrey Cozy House With Acre Yard,0.1,4,10,268.238,804.714,0,null,-122.75972,49.04871,null,Villa,12180880,Entire home/apt,31643018,null,,,,,
17110029,9.9,1,"Eagles, ocean, parks, village all for you!",0.824615,3,6,154.207,41327.5,81,null,-122.8665,49.02522,null,House,5381300,Entire home/apt,17110029,null,,,,,
26559720,10,1,PRIVATE AND COZY SUITE,0.351351,1,2,148.756,5801.49,7,null,-122.7609,49.14587,null,Guest suite,10216644,Entire home/apt,26559720,null,,,,,
32070077,9.2,2,Surrey Center Sweet Townhome,0.444444,2,5,159.224,3821.38,5,null,-122.85492,49.18745,null,Condominium,12367765,Entire home/apt,32070077,null,,,,,
28309633,9.5,1,Surrey Central Apartment with a view,0.687943,1,3,114.449,11101.6,15,null,-122.84061,49.18355,null,Apartment,10904438,Entire home/apt,28309633,null,,,,,
28138930,9.9,1,New 1 bedroom condo near Sky Train station,0.74,1,4,72.3875,5356.67,21,null,-122.84062,49.19956,null,Apartment,10992469,Entire home/apt,28138930,null,,,,,
20284531,10,3,"Beautiful, New & Modern 4-Bedroom Home w/ HOT TUB",0.396104,4,10,492.105,30018.4,10,null,-122.76798,49.04348,null,House,7059393,Entire home/apt,20284531,null,,,,,
29886803,9.4,2,Quiet area but in the heart of Surrey,0.768116,3,10,134.691,14277.3,17,null,-122.78472,49.18408,null,House,11517412,Entire home/apt,29886803,null,,,,,
20507078,9.8,4.5,"New home, quiet neighborhood...close to everything",0.807512,5,8,376.135,64695.2,10,null,-122.7449,49.00555,null,House,7111817,Entire home/apt,20507078,null,,,,,
14860596,10,1,Beautiful Suite in Sunny Surrey,0.777293,2,6,156.973,27941.2,57,null,-122.81804,49.13823,null,Guest suite,5153139,Entire home/apt,14860596,null,,,,,
33563996,8,1,Apartment in the heart of Central City,0.894737,1,4,59.2296,1006.9,1,null,-122.84687,49.20021,null,Apartment,12980180,Entire home/apt,33563996,null,,,,,
31831605,10,1,"New Private Bath ,Kitchen, Netflix&9 Mins Skytrain",0.606557,1,3,143.281,5301.41,2,null,-122.83839,49.20216,null,Guest suite,12246660,Entire home/apt,31831605,null,,,,,
4440039,10,3,4 Bedroom Beach Front Home,0.0327869,4,6,808.758,1617.52,2,null,-122.88393,49.05858,null,House,6088083,Entire home/apt,4440039,null,,,,,
210369,9.7,2,____ PRIVATE 2 ROOMS& 2 BATHS SUITE,0.616438,2,5,107.116,9640.4,7,null,-122.76197,49.2016,null,Guest suite,1134802,Entire home/apt,210369,null,,,,,
31073131,null,3.5,Luxury Home on an Acreage Brand New !!!,0.285714,4,10,2891.31,23130.5,0,null,-122.68952,49.16118,null,Bungalow,11979505,Entire home/apt,31073131,null,,,,,
27268743,9.3,1,White Rock Entire Private 2bed room Suite,0.702703,2,4,56.3711,4396.95,24,null,-122.79543,49.0706,null,Villa,12031167,Entire home/apt,27268743,null,,,,,
6213882,9.9,1,Immaculate and cozy 2 bedroom self-contained suite,0.773723,2,4,149.887,15888.1,38,null,-122.79225,49.06858,null,House,1135287,Entire home/apt,6213882,null,,,,,
24746272,6,4,South Surrey/White Rock,0.741935,3,6,145.459,3345.56,2,null,-122.79506,49.05811,null,Townhouse,9323078,Entire home/apt,24746272,null,,,,,
26782831,9.5,1,2 Bed Home Away from Home in South Surrey,0.401316,2,6,143.897,8777.72,12,null,-122.74372,49.00971,null,Apartment,10241339,Entire home/apt,26782831,null,,,,,
31544136,9.6,1,"Private, Clean, Afforadble Home in Guildford",0.233333,1,2,70.0924,490.647,5,null,-122.807,49.20182,null,Guest suite,12370432,Entire home/apt,31544136,null,,,,,
25491624,7.3,2,Surrey Home in Enver Creek Area,0.80597,4,6,162.5,8775.02,4,null,-122.81929,49.16154,null,House,9620824,Entire home/apt,25491624,null,,,,,
22820589,9.2,1,Private  one bed room suite.,0.640719,0,4,61.8536,6618.34,5,null,-122.87731,49.11074,null,Guest suite,8448639,Entire home/apt,22820589,null,,,,,
535607,9.3,1,Bright & Clean Clayton Coach Home,0.697183,1,2,74.0953,7335.43,62,null,-122.68105,49.12996,713079vb,Apartment,1134361,Entire home/apt,535607,713079vb,,,,,
28162823,null,2.5,Family-friendly house (Long Term),0.0666667,3,8,286.435,572.87,0,null,-122.69013,49.1261,null,House,10859091,Entire home/apt,28162823,null,,,,,
19013732,9.9,1,Aunty Bea's Coach House,0.713043,1,4,98.4153,16140.1,65,null,-122.68894,49.12398,null,Apartment,6480411,Entire home/apt,19013732,null,,,,,
100760346,10,3,Tastefully Renovated Full House With Private Yard And Pool.  40 Mins From Van.,0.741935,4,9,522.505,60088,7,902340vb,-122.793203,49.110242,null,House,100760346,Entire home/apt,null,902340vb,,,,,
4396110,9.7,1,Amazing 1BD Private Suite in Surrey,0.880952,1,2,53.8717,7973.01,47,null,-122.79843,49.14925,null,Guest suite,1133852,Entire home/apt,4396110,null,,,,,
21119971,9.6,1,"TOP FLOOR, CLOSE TO SHOPS, BEACHES & USA BORDER",0.679012,3,4,139.131,15304.4,22,null,-122.77975,49.03745,null,Townhouse,7487202,Entire home/apt,21119971,null,,,,,
5000500,9.8,1.5,"Modern Ocean Park / South Surrey, ocean view home",0.92,2,4,154.133,3545.06,9,null,-122.85569,49.02779,null,House,1135279,Entire home/apt,5000500,null,,,,,
32148267,null,3.5,7 BR family Home in the heart of Clayton,0.797753,7,16,325.003,23075.2,0,null,-122.69763,49.12829,null,House,12417153,Entire home/apt,32148267,null,,,,,
28206721,4,3,Vancouver/Surrey Single family home,0.108491,6,12,921.515,21194.9,1,null,-122.69005,49.16079,null,House,10859037,Entire home/apt,28206721,null,,,,,
17831820,9.4,2.5,South Surrey/ White Rock _________,0.596215,3,9,193.346,36542.4,30,null,-122.7485,49.04124,null,House,5606869,Entire home/apt,17831820,null,,,,,
30041425,null,1,"Your own cozy, comfy private suite in Surrey!",0.464286,1,3,53.1914,691.488,0,null,-122.81206,49.12476,null,Guest suite,11632959,Entire home/apt,30041425,null,,,,,
13959519,9.6,2.5,Crescent Garden House,0.502463,3,5,286.739,29247.4,18,null,-122.87179,49.05275,null,House,3338609,Entire home/apt,13959519,null,,,,,
16945299,9,1,Comfort of home,0.807229,1,4,58.1219,3894.17,14,null,-122.77911,49.01977,null,Guest suite,5381303,Entire home/apt,16945299,null,,,,,
32697818,10,1,World Class Living @ Downtown Near Train & Bus.,0.586207,1,3,169.681,2884.57,3,null,-122.84779,49.1911,null,Condominium,12605636,Entire home/apt,32697818,null,,,,,
32719476,10,2,Breath taking  condo View at all time,0.147541,2,4,234.839,2113.55,1,null,-122.84988,49.18681,null,Condominium,12587625,Entire home/apt,32719476,null,,,,,
31678123,null,3,4bedroom 3bath house in Surrey Fleetwood,0.690909,3,6,364.792,13862.1,0,null,-122.79402,49.14782,null,House,12168438,Entire home/apt,31678123,null,,,,,
102355431,10,2,BEAUTIFUL FURNISHED ONE BEDROOM BASEMENT SUITE,0.314607,2,4,197.568,5531.9,1,1343233vb,-122.774632,49.0463975,null,House,102355431,Entire home/apt,null,1343233vb,,,,,
19908,9.4,1,2 bdrm suite by the forest in city!,0.752,2,4,64.9444,6104.77,54,null,-122.81779,49.21256,null,Apartment,1134274,Entire home/apt,19908,null,,,,,
26690686,10,1.5,BRAND NEW Suite in SURREY,0.5,2,4,125.357,125.357,5,null,-122.83427,49.17292,null,Guest suite,10199736,Entire home/apt,26690686,null,,,,,
12919154,8.7,1,Brand new basement 1 bedroom suite,0.507246,1,2,93.097,9775.19,6,null,-122.85334,49.20668,null,Guest suite,3918728,Entire home/apt,12919154,null,,,,,
6691153,9.2,4,5Bed/4Bath Cozy Vacation Home,0.366071,5,10,503.55,41291.1,45,null,-122.78855,49.18945,null,House,1143573,Entire home/apt,6691153,null,,,,,
21451418,9.3,2,_____,0.726316,3,4,209.359,14445.8,3,null,-122.8392,49.04515,null,House,7761376,Entire home/apt,21451418,null,,,,,
33857626,9.3,1,Pleasant Stays,0.05,0,2,68.7444,68.7444,3,null,-122.84242,49.16706,null,Guest suite,13027951,Entire home/apt,33857626,null,,,,,
22470826,9.8,1,Cozy & Welcoming Studio Suite in White Rock,0.701493,0,2,73.032,13730,56,null,-122.84783,49.03243,null,Guesthouse,8224715,Entire home/apt,22470826,null,,,,,
21667195,8.9,2,"Spacious 3 bed, entertaining rancher home",0.813008,3,6,273.347,27334.7,7,null,-122.83508,49.0555,null,House,7745094,Entire home/apt,21667195,null,,,,,
23948387,null,3.5,Luxury New House: 4 bed-rooms near WhiteRock Beach,0.92,4,12,399.995,45999.5,0,null,-122.7889,49.03488,null,House,8947338,Entire home/apt,23948387,null,,,,,
15615351,9.4,1.5,Large private separate entrance Executive Suite,0.706349,1,3,104.775,18650,26,null,-122.74618,49.00836,null,House,4531065,Entire home/apt,15615351,null,,,,,
27429394,9.5,1,"new + comfy SINGLE UNIT (1BR, for 4person)",0.278261,1,4,118.702,3798.47,8,null,-122.77605,49.05134,null,Apartment,10533605,Entire home/apt,27429394,null,,,,,
20664221,10,1.5,White Rock/South Surrey Retreat,1,2,4,226.43,26945.1,10,null,-122.80131,49.05469,null,House,7205961,Entire home/apt,20664221,null,,,,,
19838456,8.7,1.5,Your Beautiful Surrey Central Home,0.634286,3,6,155.139,34441,40,null,-122.83614,49.19526,null,House,6847613,Entire home/apt,19838456,null,,,,,
33576449,null,2.5,Warm home ____,0.125,3,8,159.056,159.056,0,null,-122.78185,49.0675,null,Villa,12995295,Entire home/apt,33576449,null,,,,,
16722030,9.3,2,"Brand New, Fully Furnished Town House-210",0.457746,4,8,306.55,39851.6,32,null,-122.86657,49.16209,null,Townhouse,5055757,Entire home/apt,16722030,null,,,,,
25417267,7.7,1,2Bedroom penthouse in heart of Surrey\n_________2_,0.40613,2,4,256.196,27156.7,7,null,-122.84206,49.20013,null,Condominium,9614041,Entire home/apt,25417267,null,,,,,
28991723,9.3,1,South Surrey/White Rock - New Resort Condo,0.571429,2,6,111.541,12492.6,16,null,-122.80222,49.06321,null,Condominium,11164921,Entire home/apt,28991723,null,,,,,
25086078,9.2,1,Pleasant 2-Bedroom Suite Close to Transit,0.513793,2,4,127.845,19048.9,19,null,-122.83265,49.13397,null,Guest suite,9506400,Entire home/apt,25086078,null,,,,,
33592167,10,1,Cozy Retreat in Surrey,0.115385,1,4,83.5717,250.715,1,null,-122.87893,49.14918,null,House,12879538,Entire home/apt,33592167,null,,,,,
25259626,10,1,West-Coast Style Suite,0.923077,2,6,156.288,20630.1,43,null,-122.78232,49.0546,1346715vb,Guest suite,9656597,Entire home/apt,25259626,1346715vb,,,,,
32937439,10,4,Bear creek park mansion,0.44898,5,12,182.338,4011.44,5,null,-122.82479,49.1553,null,House,12781000,Entire home/apt,32937439,null,,,,,
25487448,9.3,1,Home away home,0.658009,1,4,83.9086,12754.1,17,null,-122.68879,49.1216,null,Guesthouse,9749942,Entire home/apt,25487448,null,,,,,
30047971,10,1,The Art Cave,0.87931,1,2,76.092,7761.38,7,null,-122.6889,49.11611,null,Condominium,11603709,Entire home/apt,30047971,null,,,,,
26876371,9.7,3,Surrey Townhouse,0.86,3,7,156.955,6749.09,6,null,-122.79391,49.19692,null,Townhouse,10339192,Entire home/apt,26876371,null,,,,,
9539,9.3,2,"New Townhouse,Sleeps 7-8! 2 Baths & 2 Parkings!",0.820809,2,8,133.512,18958.6,260,null,-122.8568,49.18691,null,Townhouse,1136641,Entire home/apt,9539,null,,,,,
30271529,10,2.5,Large Family Home in White Rock,0.657143,4,8,160.286,3686.59,1,null,-122.81166,49.03579,null,House,11656492,Entire home/apt,30271529,null,,,,,
25036410,9.3,1,*NEW Ocean Park / White Rock Designer 2 Bdr Home,0.342857,2,4,171.328,16447.4,20,null,-122.86548,49.02957,null,Guest suite,9478449,Entire home/apt,25036410,null,,,,,
33253489,null,4.5,villa Britain's princess’s house 1.6acre,0.4,5,10,501.632,10032.6,0,null,-122.85432,49.10471,null,Villa,12861796,Entire home/apt,33253489,null,,,,,
24919011,9.5,4.5,"Luxurious Villa, Beautiful Views, Great Location",0.27451,5,10,900.634,50435.5,4,null,-122.76589,49.20376,null,Villa,9413506,Entire home/apt,24919011,null,,,,,
24684802,10,1,Surrey Home with a Garden View,0.437838,2,5,100.662,8153.63,8,null,-122.81397,49.15957,null,House,9421405,Entire home/apt,24684802,null,,,,,
31475979,9.3,1,Perfect Retreat,0.390805,2,4,96.0202,3264.69,8,null,-122.78003,49.03495,null,Guest suite,12424311,Entire home/apt,31475979,null,,,,,
25029779,9.9,1,Hosta Haven in Crescent Heights,0.405018,1,2,111.568,12607.2,26,null,-122.8722,49.05305,null,Guest suite,9603982,Entire home/apt,25029779,null,,,,,
29063907,10,1,Modern luxury condominiums,0.449438,1,3,165.795,13263.6,5,null,-122.84629,49.19228,null,Condominium,11187642,Entire home/apt,29063907,null,,,,,
26923804,8.8,1,Jeerh's Manor - Best Price in Surrey,0.683544,1,4,88.539,4781.11,7,null,-122.87127,49.10994,1403515vb,Apartment,10309378,Entire home/apt,26923804,1403515vb,,,,,
103038842,8,1,(Newly listed ) Central HomeStay near Vancouver,0.7,1,4,55.907,2348.09,3,7410820,-122.7942242,49.1937733,null,House,103038842,Entire home/apt,null,7410820,,,,,
31679607,10,2,Be our guests,1,3,6,138.837,2082.55,1,null,-122.87232,49.18154,null,House,12186369,Entire home/apt,31679607,null,,,,,
27808519,8.9,1,Sunny and Spacious 3 bedroom Suite by Forest Park,0.386555,3,8,130.661,12020.8,22,null,-122.78077,49.17439,null,House,10673051,Entire home/apt,27808519,null,,,,,
24544633,10,1,Luxurious apartment in South Surrey,0.694215,1,4,130.829,10989.7,15,null,-122.80665,49.0565,null,Apartment,9262312,Entire home/apt,24544633,null,,,,,
5793401,9.8,1,Charming Coach House by the Sea,0.574344,1,2,122.586,24149.5,299,null,-122.87741,49.0453,null,Guesthouse,1134598,Entire home/apt,5793401,null,,,,,
29154739,10,1.5,Bright & Spacious Centrally Located House,0.341772,3,8,193.603,5227.27,2,null,-122.80146,49.204,null,House,11513210,Entire home/apt,29154739,null,,,,,
28344890,9.6,1,"Cosy and Quiet, Upper-level 2 Bedroom Home",0.513158,2,4,91.8551,10747,15,null,-122.8637,49.19042,null,House,10904626,Entire home/apt,28344890,null,,,,,
21915663,9.3,1,Brilliant Sunshine 2 bedroom suite (North Surrey),0.687764,2,3,70.6795,11520.8,18,null,-122.79293,49.17042,null,House,8338959,Entire home/apt,21915663,null,,,,,
102141436,10,3, Luxury PGA  Golf Course Home,0.636364,3,8,302.682,16950.2,7,693046vb,-122.842125,49.18983099,null,Condo,102141436,Entire home/apt,null,693046vb,,,,,
31001011,9.6,1,BRIGHT PRIVATE SUITE w/KITCHEN & LAUNDRY,0.8,2,5,103.117,3712.2,5,null,-122.8901,49.10731,null,Guest suite,12037930,Entire home/apt,31001011,null,,,,,
32489316,10,1,"Fraser Heights, Surrey. 1 Bedroom Nest",0.535714,1,4,134.523,2017.85,1,null,-122.73908,49.18955,null,House,12758540,Entire home/apt,32489316,null,,,,,
32432358,9.3,1,"Fraser Heights, Surrey 2 bedroom Nest",0.636364,2,6,132.739,2787.52,3,null,-122.73726,49.19158,null,House,12487397,Entire home/apt,32432358,null,,,,,
20725475,8.6,1,ELVIS HOUSE,0.554622,2,5,63.1281,4166.45,10,null,-122.80416,49.11148,null,Guest suite,7235888,Entire home/apt,20725475,null,,,,,
